Metrica,Valor
MSE,229980315016.86603
RMSE,479562.62887850846
MAE,191483.34201202606
MAPE,27.282382822520507
R2,0.9386545722220955
