Metrica,Valor
MSE,188470140128.6509
RMSE,434131.4779288078
MAE,175135.1745129513
MAPE,28.993054061277572
R2,0.9497270826474613
